-- phpMyAdmin SQL Dump
-- version 4.7.4
-- https://www.phpmyadmin.net/
--
-- Servidor: 127.0.0.1
-- Tiempo de generación: 28-05-2018 a las 00:12:10
-- Versión del servidor: 10.1.29-MariaDB
-- Versión de PHP: 7.2.0

SET SQL_MODE = "NO_AUTO_VALUE_ON_ZERO";
SET AUTOCOMMIT = 0;
START TRANSACTION;
SET time_zone = "+00:00";


/*!40101 SET @OLD_CHARACTER_SET_CLIENT=@@CHARACTER_SET_CLIENT */;
/*!40101 SET @OLD_CHARACTER_SET_RESULTS=@@CHARACTER_SET_RESULTS */;
/*!40101 SET @OLD_COLLATION_CONNECTION=@@COLLATION_CONNECTION */;
/*!40101 SET NAMES utf8mb4 */;

--
-- Base de datos: `aac`
--

DELIMITER $$
--
-- Procedimientos
--
CREATE DEFINER=`root`@`localhost` PROCEDURE `agregar_abono` (IN `parid_prestamo` INT, IN `par_nabono` INT, IN `par_importe` FLOAT, IN `parbal_inicial` FLOAT, IN `parbal_posterior` FLOAT, IN `parfecha_abono` DATE, IN `par_estado` VARCHAR(20))  NO SQL
INSERT INTO abono(
    id_prestamo,
    n_abono,
    importe,
    bal_inicial,
    bal_posterior,
    fecha_abono,
    estado
)

VALUES(
    
    parid_prestamo,
    par_nabono,
    par_importe,
   parbal_inicial,
    parbal_posterior,
    parfecha_abono,
    par_estado
)$$

CREATE DEFINER=`root`@`localhost` PROCEDURE `agregar_control_multa` (IN `parestado` VARCHAR(10), IN `parid_multa` VARCHAR(5), IN `parid_rfecha` DATE, IN `parid_socio` INT)  NO SQL
INSERT INTO control_multa(
    estado,
    id_multa,
    id_rfecha,
    id_socio
)

VALUES(
    
    parestado,
    parid_multa,
    parid_rfecha,
    parid_socio
)$$

CREATE DEFINER=`root`@`localhost` PROCEDURE `agregar_cuenta_ahorro` (IN `parc_obligatoria` FLOAT, IN `parc_voluntaria` FLOAT, IN `parr_voluntario` FLOAT, IN `parr_obligatorio` FLOAT, IN `partotal_voluntario` FLOAT, IN `partotal_obligatorio` FLOAT, IN `parid_rfecha` DATE, IN `parid_socio` INT)  NO SQL
INSERT INTO cuenta_ahorro(
    c_obligatoria,
    c_voluntaria,
    r_voluntario,
    r_obligatorio,
    total_voluntario,
    total_obligatorio,
    id_rfecha,
    id_socio
 )
    
    VALUES (
        parc_obligatoria,
        parc_voluntaria,
        parr_voluntario,
        parr_obligatorio,
        partotal_voluntario,
        partotal_obligatorio,
        parid_rfecha,
        parid_socio
)$$

CREATE DEFINER=`root`@`localhost` PROCEDURE `agregar_prestamo` (IN `parmonto` FLOAT, IN `partaza_interes` FLOAT, IN `parid_rfecha` DATE, IN `parid_socio` INT, IN `par_estado` VARCHAR(20))  NO SQL
INSERT INTO prestamo(
    monto,
    taza_interes,
    id_rfecha,
    id_socio,
    estado
)

VALUES(
    
    parmonto,
    partaza_interes,
    parid_rfecha,
    parid_socio,
    par_estado
    
)$$

CREATE DEFINER=`root`@`localhost` PROCEDURE `agregar_socio` (IN `parnombre` VARCHAR(30), IN `parn_cedula` VARCHAR(20), IN `partelefono` INT(11), IN `pardireccion` VARCHAR(150))  NO SQL
INSERT INTO socio(
    nombre,
    n_cedula,
    telefono,
    direccion
)

VALUES(
    
    parnombre,
    parn_cedula,
    partelefono,
    pardireccion
)$$

CREATE DEFINER=`root`@`localhost` PROCEDURE `agregar_Socio_Reunion` (IN `parid_socio` INT(11), IN `parid_rfecha` DATE, IN `parid_multa` VARCHAR(5), IN `parpago_multa` FLOAT, IN `parfondo_social` FLOAT, IN `parretiro_social` FLOAT)  NO SQL
INSERT INTO socio_reunion(
    id_socio,
    id_rfecha,
    id_multa,
    pago_multa,
    fondo_social,
    retiro_social
)

VALUES(
    parid_socio,
    parid_rfecha,
    parid_multa,
    parpago_multa,
    parfondo_social,
    parretiro_social
)$$

CREATE DEFINER=`root`@`localhost` PROCEDURE `eliminar_abono` (IN `parid_rfecha` DATE)  NO SQL
DELETE FROM abono WHERE id_rfecha=parid_rfecha$$

CREATE DEFINER=`root`@`localhost` PROCEDURE `eliminar_prestamo` (IN `parid_prestamo` INT)  NO SQL
DELETE FROM prestamo WHERE id_prestamo=parid_prestamo$$

CREATE DEFINER=`root`@`localhost` PROCEDURE `eliminar_socio` (IN `parid_socio` INT)  NO SQL
DELETE FROM socio WHERE id_socio=parid_socio$$

CREATE DEFINER=`root`@`localhost` PROCEDURE `FechaU_R` ()  NO SQL
SELECT MAX(id_rfecha), n_reunion,n_ciclo from reunion$$

CREATE DEFINER=`root`@`localhost` PROCEDURE `modificar_abono` (IN `parestado` VARCHAR(20), IN `parid_prestamo` INT(11), IN `parn_abono` INT)  NO SQL
UPDATE abono SET estado=parestado WHERE id_prestamo=parid_prestamo and n_abono=parn_abono$$

CREATE DEFINER=`root`@`localhost` PROCEDURE `modificar_control_multa` (IN `parestado` VARCHAR(10), IN `parid_rfecha` DATE, IN `parid_socio` INT)  NO SQL
UPDATE control_multa SET estado=parestado WHERE id_rfecha=parid_rfecha AND  id_socio=parid_socio$$

CREATE DEFINER=`root`@`localhost` PROCEDURE `modificar_prestamo` (IN `parmonto` FLOAT, IN `parfecha_venc` DATE, IN `partaza_interes` FLOAT, IN `parid_rfecha` DATE, IN `parid_socio` INT(11), IN `parid_prestamo` INT(11))  NO SQL
UPDATE prestamo SET monto=parmonto ,fecha_venc=parfecha_venc,taza_interes=partaza_interes,id_rfecha=parid_rfecha,id_socio=parid_socio WHERE id_prestamo=parid_prestamo$$

CREATE DEFINER=`root`@`localhost` PROCEDURE `modificar_socio` (IN `parnombre` VARCHAR(30), IN `parn_cedula` VARCHAR(20), IN `partelefono` INT(11), IN `pardireccion` VARCHAR(150), IN `parid_socio` INT)  NO SQL
UPDATE socio SET nombre=parnombre,n_cedula=parn_cedula ,telefono=partelefono,direccion=pardireccion WHERE id_socio=parid_socio$$

CREATE DEFINER=`root`@`localhost` PROCEDURE `mostrar_datos_abono_prestamo` (IN `parid_prestamo` INT)  NO SQL
SELECT MAX(fecha_abono), bal_inicial,n_abono,importe FROM abono WHERE id_prestamo=parid_prestamo AND estado='nc'$$

CREATE DEFINER=`root`@`localhost` PROCEDURE `mostrar_multasp` (IN `parid_socio` INT)  NO SQL
SELECT reunion.id_rfecha,multa.descripcion FROM control_multa JOIN reunion ON control_multa.id_rfecha=reunion.id_rfecha JOIN multa ON control_multa.id_multa=multa.id_multa WHERE control_multa.id_socio=parid_socio and estado='sp'$$

CREATE DEFINER=`root`@`localhost` PROCEDURE `mostrar_prestamo` ()  NO SQL
SELECT socio.id_socio, socio.nombre,prestamo.id_prestamo,prestamo.monto, prestamo.id_rfecha
FROM prestamo JOIN socio ON prestamo.id_socio= socio.id_socio 
WHERE  prestamo.estado='NC'$$

CREATE DEFINER=`root`@`localhost` PROCEDURE `mostrar_socio` ()  NO SQL
SELECT * FROM socio$$

CREATE DEFINER=`root`@`localhost` PROCEDURE `mostrar_socio2` (IN `paratributo` VARCHAR(10), IN `parvalor` VARCHAR(10))  NO SQL
SELECT * FROM socio WHERE paratributo=parvalor$$

CREATE DEFINER=`root`@`localhost` PROCEDURE `total_ahorros` (IN `parFechaU_R` DATE, IN `parid_socio` INT)  NO SQL
SELECT total_voluntario,total_obligatorio FROM cuenta_ahorro
WHERE id_rfecha=parFechaU_R and id_socio=parid_socio$$

CREATE DEFINER=`root`@`localhost` PROCEDURE `Ultima_Reunion` (IN `parFechaU_R` DATE)  NO SQL
SELECT n_ciclo,n_reunion FROM reunion
WHERE id_rfecha=parFechaU_R$$

DELIMITER ;

-- --------------------------------------------------------

--
-- Estructura de tabla para la tabla `abono`
--

CREATE TABLE `abono` (
  `id_prestamo` int(11) NOT NULL,
  `n_abono` int(11) NOT NULL,
  `importe` float NOT NULL,
  `bal_inicial` float NOT NULL,
  `bal_posterior` float NOT NULL,
  `fecha_abono` date NOT NULL,
  `estado` varchar(20) NOT NULL
) ENGINE=InnoDB DEFAULT CHARSET=latin1;

--
-- Volcado de datos para la tabla `abono`
--

INSERT INTO `abono` (`id_prestamo`, `n_abono`, `importe`, `bal_inicial`, `bal_posterior`, `fecha_abono`, `estado`) VALUES
(40, 1, 588, 10000, 9412, '2016-06-14', '2016/06/09'),
(40, 2, 588, 9412, 8824, '2016-06-21', ''),
(40, 3, 588, 8824, 8236, '2016-06-28', ''),
(40, 4, 588, 8236, 7648, '2016-07-05', 'NC'),
(40, 5, 588, 7648, 7060, '2016-07-12', 'NC'),
(40, 6, 588, 7060, 6472, '2016-07-19', 'NC'),
(40, 7, 588, 6472, 5884, '2016-07-26', 'NC'),
(40, 8, 588, 5884, 5296, '2016-08-02', 'NC'),
(40, 9, 588, 5296, 4708, '2016-08-09', 'NC'),
(40, 10, 588, 4708, 4120, '2016-08-16', 'NC'),
(40, 11, 588, 4120, 3532, '2016-08-23', 'NC'),
(40, 12, 588, 3532, 2944, '2016-08-30', 'NC'),
(40, 13, 588, 2944, 2356, '2016-09-06', 'NC'),
(40, 14, 588, 2356, 1768, '2016-09-13', 'NC'),
(40, 15, 588, 1768, 1180, '2016-09-20', 'NC'),
(40, 16, 588, 1180, 592, '2016-09-27', 'NC'),
(40, 17, 588, 592, 4, '2016-10-04', 'NC'),
(41, 1, 211, 3600, 3389, '2016-06-14', 'NC'),
(41, 2, 211, 3389, 3178, '2016-06-21', 'NC'),
(41, 3, 211, 3178, 2967, '2016-06-28', 'NC'),
(41, 4, 211, 2967, 2756, '2016-07-05', 'NC'),
(41, 5, 211, 2756, 2545, '2016-07-12', 'NC'),
(41, 6, 211, 2545, 2334, '2016-07-19', 'NC'),
(41, 7, 211, 2334, 2123, '2016-07-26', 'NC'),
(41, 8, 211, 2123, 1912, '2016-08-02', 'NC'),
(41, 9, 211, 1912, 1701, '2016-08-09', 'NC'),
(41, 10, 211, 1701, 1490, '2016-08-16', 'NC'),
(41, 11, 211, 1490, 1279, '2016-08-23', 'NC'),
(41, 12, 211, 1279, 1068, '2016-08-30', 'NC'),
(41, 13, 211, 1068, 857, '2016-09-06', 'NC'),
(41, 14, 211, 857, 646, '2016-09-13', 'NC'),
(41, 15, 211, 646, 435, '2016-09-20', 'NC'),
(41, 16, 211, 435, 224, '2016-09-27', 'NC'),
(41, 17, 211, 224, 13, '2016-10-04', 'NC'),
(42, 1, 411, 7000, 6589, '2016-06-14', 'NC'),
(42, 2, 411, 6589, 6178, '2016-06-21', 'NC'),
(42, 3, 411, 6178, 5767, '2016-06-28', 'NC'),
(42, 4, 411, 5767, 5356, '2016-07-05', 'NC'),
(42, 5, 411, 5356, 4945, '2016-07-12', 'NC'),
(42, 6, 411, 4945, 4534, '2016-07-19', 'NC'),
(42, 7, 411, 4534, 4123, '2016-07-26', 'NC'),
(42, 8, 411, 4123, 3712, '2016-08-02', 'NC'),
(42, 9, 411, 3712, 3301, '2016-08-09', 'NC'),
(42, 10, 411, 3301, 2890, '2016-08-16', 'NC'),
(42, 11, 411, 2890, 2479, '2016-08-23', 'NC'),
(42, 12, 411, 2479, 2068, '2016-08-30', 'NC'),
(42, 13, 411, 2068, 1657, '2016-09-06', 'NC'),
(42, 14, 411, 1657, 1246, '2016-09-13', 'NC'),
(42, 15, 411, 1246, 835, '2016-09-20', 'NC'),
(42, 16, 411, 835, 424, '2016-09-27', 'NC'),
(42, 17, 411, 424, 13, '2016-10-04', 'NC'),
(43, 1, 352, 6000, 5648, '2016-06-14', 'NC'),
(43, 2, 352, 5648, 5296, '2016-06-21', 'NC'),
(43, 3, 352, 5296, 4944, '2016-06-28', 'NC'),
(43, 4, 352, 4944, 4592, '2016-07-05', 'NC'),
(43, 5, 352, 4592, 4240, '2016-07-12', 'NC'),
(43, 6, 352, 4240, 3888, '2016-07-19', 'NC'),
(43, 7, 352, 3888, 3536, '2016-07-26', 'NC'),
(43, 8, 352, 3536, 3184, '2016-08-02', 'NC'),
(43, 9, 352, 3184, 2832, '2016-08-09', 'NC'),
(43, 10, 352, 2832, 2480, '2016-08-16', 'NC'),
(43, 11, 352, 2480, 2128, '2016-08-23', 'NC'),
(43, 12, 352, 2128, 1776, '2016-08-30', 'NC'),
(43, 13, 352, 1776, 1424, '2016-09-06', 'NC'),
(43, 14, 352, 1424, 1072, '2016-09-13', 'NC'),
(43, 15, 352, 1072, 720, '2016-09-20', 'NC'),
(43, 16, 352, 720, 368, '2016-09-27', 'NC'),
(43, 17, 352, 368, 16, '2016-10-04', 'NC'),
(44, 1, 411, 7000, 6589, '2016-06-15', 'NC'),
(44, 2, 411, 6589, 6178, '2016-06-22', 'NC'),
(44, 3, 411, 6178, 5767, '2016-06-29', 'NC'),
(44, 4, 411, 5767, 5356, '2016-07-06', 'NC'),
(44, 5, 411, 5356, 4945, '2016-07-13', 'NC'),
(44, 6, 411, 4945, 4534, '2016-07-20', 'NC'),
(44, 7, 411, 4534, 4123, '2016-07-27', 'NC'),
(44, 8, 411, 4123, 3712, '2016-08-03', 'NC'),
(44, 9, 411, 3712, 3301, '2016-08-10', 'NC'),
(44, 10, 411, 3301, 2890, '2016-08-17', 'NC'),
(44, 11, 411, 2890, 2479, '2016-08-24', 'NC'),
(44, 12, 411, 2479, 2068, '2016-08-31', 'NC'),
(44, 13, 411, 2068, 1657, '2016-09-07', 'NC'),
(44, 14, 411, 1657, 1246, '2016-09-14', 'NC'),
(44, 15, 411, 1246, 835, '2016-09-21', 'NC'),
(44, 16, 411, 835, 424, '2016-09-28', 'NC'),
(44, 17, 411, 424, 13, '2016-10-05', 'NC'),
(45, 1, 441, 7500, 7059, '2016-06-16', '2016/11/11'),
(45, 2, 441, 7059, 6618, '2016-06-23', '2016/11/11'),
(45, 3, 441, 6618, 6177, '2016-06-30', '2016/11/11'),
(45, 4, 441, 6177, 5736, '2016-07-07', 'NC'),
(45, 5, 441, 5736, 5295, '2016-07-14', 'NC'),
(45, 6, 441, 5295, 4854, '2016-07-21', 'NC'),
(45, 7, 441, 4854, 4413, '2016-07-28', 'NC'),
(45, 8, 441, 4413, 3972, '2016-08-04', 'NC'),
(45, 9, 441, 3972, 3531, '2016-08-11', 'NC'),
(45, 10, 441, 3531, 3090, '2016-08-18', 'NC'),
(45, 11, 441, 3090, 2649, '2016-08-25', 'NC'),
(45, 12, 441, 2649, 2208, '2016-09-01', 'NC'),
(45, 13, 441, 2208, 1767, '2016-09-08', 'NC'),
(45, 14, 441, 1767, 1326, '2016-09-15', 'NC'),
(45, 15, 441, 1326, 885, '2016-09-22', 'NC'),
(45, 16, 441, 885, 444, '2016-09-29', 'NC'),
(45, 17, 441, 444, 3, '2016-10-06', 'NC'),
(46, 1, 235, 4000, 3765, '2016-06-16', 'NC'),
(46, 2, 235, 3765, 3530, '2016-06-23', 'NC'),
(46, 3, 235, 3530, 3295, '2016-06-30', 'NC'),
(46, 4, 235, 3295, 3060, '2016-07-07', 'NC'),
(46, 5, 235, 3060, 2825, '2016-07-14', 'NC'),
(46, 6, 235, 2825, 2590, '2016-07-21', 'NC'),
(46, 7, 235, 2590, 2355, '2016-07-28', 'NC'),
(46, 8, 235, 2355, 2120, '2016-08-04', 'NC'),
(46, 9, 235, 2120, 1885, '2016-08-11', 'NC'),
(46, 10, 235, 1885, 1650, '2016-08-18', 'NC'),
(46, 11, 235, 1650, 1415, '2016-08-25', 'NC'),
(46, 12, 235, 1415, 1180, '2016-09-01', 'NC'),
(46, 13, 235, 1180, 945, '2016-09-08', 'NC'),
(46, 14, 235, 945, 710, '2016-09-15', 'NC'),
(46, 15, 235, 710, 475, '2016-09-22', 'NC'),
(46, 16, 235, 475, 240, '2016-09-29', 'NC'),
(46, 17, 235, 240, 5, '2016-10-06', 'NC'),
(47, 1, 764, 13000, 12236, '2016-06-16', 'NC'),
(47, 2, 764, 12236, 11472, '2016-06-23', 'NC'),
(47, 3, 764, 11472, 10708, '2016-06-30', 'NC'),
(47, 4, 764, 10708, 9944, '2016-07-07', 'NC'),
(47, 5, 764, 9944, 9180, '2016-07-14', 'NC'),
(47, 6, 764, 9180, 8416, '2016-07-21', 'NC'),
(47, 7, 764, 8416, 7652, '2016-07-28', 'NC'),
(47, 8, 764, 7652, 6888, '2016-08-04', 'NC'),
(47, 9, 764, 6888, 6124, '2016-08-11', 'NC'),
(47, 10, 764, 6124, 5360, '2016-08-18', 'NC'),
(47, 11, 764, 5360, 4596, '2016-08-25', 'NC'),
(47, 12, 764, 4596, 3832, '2016-09-01', 'NC'),
(47, 13, 764, 3832, 3068, '2016-09-08', 'NC'),
(47, 14, 764, 3068, 2304, '2016-09-15', 'NC'),
(47, 15, 764, 2304, 1540, '2016-09-22', 'NC'),
(47, 16, 764, 1540, 776, '2016-09-29', 'NC'),
(47, 17, 764, 776, 12, '2016-10-06', 'NC'),
(48, 1, 117, 2000, 1883, '2016-06-16', 'NC'),
(48, 2, 117, 1883, 1766, '2016-06-23', 'NC'),
(48, 3, 117, 1766, 1649, '2016-06-30', 'NC'),
(48, 4, 117, 1649, 1532, '2016-07-07', 'NC'),
(48, 5, 117, 1532, 1415, '2016-07-14', 'NC'),
(48, 6, 117, 1415, 1298, '2016-07-21', 'NC'),
(48, 7, 117, 1298, 1181, '2016-07-28', 'NC'),
(48, 8, 117, 1181, 1064, '2016-08-04', 'NC'),
(48, 9, 117, 1064, 947, '2016-08-11', 'NC'),
(48, 10, 117, 947, 830, '2016-08-18', 'NC'),
(48, 11, 117, 830, 713, '2016-08-25', 'NC'),
(48, 12, 117, 713, 596, '2016-09-01', 'NC'),
(48, 13, 117, 596, 479, '2016-09-08', 'NC'),
(48, 14, 117, 479, 362, '2016-09-15', 'NC'),
(48, 15, 117, 362, 245, '2016-09-22', 'NC'),
(48, 16, 117, 245, 128, '2016-09-29', 'NC'),
(48, 17, 117, 128, 11, '2016-10-06', 'NC'),
(49, 1, 470.588, 8000, 7529.41, '2016-06-16', 'NC'),
(49, 2, 470.588, 7529.41, 7058.82, '2016-06-23', 'NC'),
(49, 3, 470.588, 7058.82, 6588.23, '2016-06-30', 'NC'),
(49, 4, 470.588, 6588.23, 6117.65, '2016-07-07', 'NC'),
(49, 5, 470.588, 6117.65, 5647.06, '2016-07-14', 'NC'),
(49, 6, 470.588, 5647.06, 5176.47, '2016-07-21', 'NC'),
(49, 7, 470.588, 5176.47, 4705.88, '2016-07-28', 'NC'),
(49, 8, 470.588, 4705.88, 4235.29, '2016-08-04', 'NC'),
(49, 9, 470.588, 4235.29, 3764.7, '2016-08-11', 'NC'),
(49, 10, 470.588, 3764.7, 3294.12, '2016-08-18', 'NC'),
(49, 11, 470.588, 3294.12, 2823.53, '2016-08-25', 'NC'),
(49, 12, 470.588, 2823.53, 2352.94, '2016-09-01', 'NC'),
(49, 13, 470.588, 2352.94, 1882.35, '2016-09-08', 'NC'),
(49, 14, 470.588, 1882.35, 1411.76, '2016-09-15', 'NC'),
(49, 15, 470.588, 1411.76, 941.176, '2016-09-22', 'NC'),
(49, 16, 470.588, 941.176, 470.587, '2016-09-29', 'NC'),
(49, 17, 470.588, 470.587, -0.000793457, '2016-10-06', 'NC'),
(50, 1, 411.765, 7000, 6588.24, '2016-06-16', 'NC'),
(50, 2, 411.765, 6588.24, 6176.47, '2016-06-23', 'NC'),
(50, 3, 411.765, 6176.47, 5764.71, '2016-06-30', 'NC'),
(50, 4, 411.765, 5764.71, 5352.94, '2016-07-07', 'NC'),
(50, 5, 411.765, 5352.94, 4941.18, '2016-07-14', 'NC'),
(50, 6, 411.765, 4941.18, 4529.41, '2016-07-21', 'NC'),
(50, 7, 411.765, 4529.41, 4117.65, '2016-07-28', 'NC'),
(50, 8, 411.765, 4117.65, 3705.88, '2016-08-04', 'NC'),
(50, 9, 411.765, 3705.88, 3294.12, '2016-08-11', 'NC'),
(50, 10, 411.765, 3294.12, 2882.35, '2016-08-18', 'NC'),
(50, 11, 411.765, 2882.35, 2470.59, '2016-08-25', 'NC'),
(50, 12, 411.765, 2470.59, 2058.82, '2016-09-01', 'NC'),
(50, 13, 411.765, 2058.82, 1647.06, '2016-09-08', 'NC'),
(50, 14, 411.765, 1647.06, 1235.29, '2016-09-15', 'NC'),
(50, 15, 411.765, 1235.29, 823.53, '2016-09-22', 'NC'),
(50, 16, 411.765, 823.53, 411.766, '2016-09-29', 'NC'),
(50, 17, 411.765, 411.766, 0.000793457, '2016-10-06', 'NC'),
(51, 1, 588, 10000, 9412, '2016-06-16', 'NC'),
(51, 2, 588, 9412, 8824, '2016-06-23', 'NC'),
(51, 3, 588, 8824, 8236, '2016-06-30', 'NC'),
(51, 4, 588, 8236, 7648, '2016-07-07', 'NC'),
(51, 5, 588, 7648, 7060, '2016-07-14', 'NC'),
(51, 6, 588, 7060, 6472, '2016-07-21', 'NC'),
(51, 7, 588, 6472, 5884, '2016-07-28', 'NC'),
(51, 8, 588, 5884, 5296, '2016-08-04', 'NC'),
(51, 9, 588, 5296, 4708, '2016-08-11', 'NC'),
(51, 10, 588, 4708, 4120, '2016-08-18', 'NC'),
(51, 11, 588, 4120, 3532, '2016-08-25', 'NC'),
(51, 12, 588, 3532, 2944, '2016-09-01', 'NC'),
(51, 13, 588, 2944, 2356, '2016-09-08', 'NC'),
(51, 14, 588, 2356, 1768, '2016-09-15', 'NC'),
(51, 15, 588, 1768, 1180, '2016-09-22', 'NC'),
(51, 16, 588, 1180, 592, '2016-09-29', 'NC'),
(51, 17, 588, 592, 4, '2016-10-06', 'NC'),
(52, 1, 88, 1500, 1412, '2016-06-16', 'NC'),
(52, 2, 88, 1412, 1324, '2016-06-23', 'NC'),
(52, 3, 88, 1324, 1236, '2016-06-30', 'NC'),
(52, 4, 88, 1236, 1148, '2016-07-07', 'NC'),
(52, 5, 88, 1148, 1060, '2016-07-14', 'NC'),
(52, 6, 88, 1060, 972, '2016-07-21', 'NC'),
(52, 7, 88, 972, 884, '2016-07-28', 'NC'),
(52, 8, 88, 884, 796, '2016-08-04', 'NC'),
(52, 9, 88, 796, 708, '2016-08-11', 'NC'),
(52, 10, 88, 708, 620, '2016-08-18', 'NC'),
(52, 11, 88, 620, 532, '2016-08-25', 'NC'),
(52, 12, 88, 532, 444, '2016-09-01', 'NC'),
(52, 13, 88, 444, 356, '2016-09-08', 'NC'),
(52, 14, 88, 356, 268, '2016-09-15', 'NC'),
(52, 15, 88, 268, 180, '2016-09-22', 'NC'),
(52, 16, 88, 180, 92, '2016-09-29', 'NC'),
(52, 17, 272, 272, 0, '2016-10-06', 'NC'),
(53, 1, 88, 1500, 1412, '2016-06-16', 'NC'),
(53, 2, 88, 1412, 1324, '2016-06-23', 'NC'),
(53, 3, 88, 1324, 1236, '2016-06-30', 'NC'),
(53, 4, 88, 1236, 1148, '2016-07-07', 'NC'),
(53, 5, 88, 1148, 1060, '2016-07-14', 'NC'),
(53, 6, 88, 1060, 972, '2016-07-21', 'NC'),
(53, 7, 88, 972, 884, '2016-07-28', 'NC'),
(53, 8, 88, 884, 796, '2016-08-04', 'NC'),
(53, 9, 88, 796, 708, '2016-08-11', 'NC'),
(53, 10, 88, 708, 620, '2016-08-18', 'NC'),
(53, 11, 88, 620, 532, '2016-08-25', 'NC'),
(53, 12, 88, 532, 444, '2016-09-01', 'NC'),
(53, 13, 88, 444, 356, '2016-09-08', 'NC'),
(53, 14, 88, 356, 268, '2016-09-15', 'NC'),
(53, 15, 88, 268, 180, '2016-09-22', 'NC'),
(53, 16, 88, 180, 92, '2016-09-29', 'NC'),
(53, 17, 88, 92, 4, '2016-10-06', 'NC'),
(54, 1, 88, 1500, 1412, '2016-06-16', '2016/11/19'),
(54, 2, 88, 1412, 1324, '2016-06-23', 'NC'),
(54, 3, 88, 1324, 1236, '2016-06-30', 'NC'),
(54, 4, 88, 1236, 1148, '2016-07-07', 'NC'),
(54, 5, 88, 1148, 1060, '2016-07-14', 'NC'),
(54, 6, 88, 1060, 972, '2016-07-21', 'NC'),
(54, 7, 88, 972, 884, '2016-07-28', 'NC'),
(54, 8, 88, 884, 796, '2016-08-04', 'NC'),
(54, 9, 88, 796, 708, '2016-08-11', 'NC'),
(54, 10, 88, 708, 620, '2016-08-18', 'NC'),
(54, 11, 88, 620, 532, '2016-08-25', 'NC'),
(54, 12, 88, 532, 444, '2016-09-01', 'NC'),
(54, 13, 88, 444, 356, '2016-09-08', 'NC'),
(54, 14, 88, 356, 268, '2016-09-15', 'NC'),
(54, 15, 88, 268, 180, '2016-09-22', 'NC'),
(54, 16, 88, 180, 92, '2016-09-29', 'NC'),
(54, 17, 92, 92, 0, '2016-10-06', 'NC'),
(55, 1, 294, 5000, 4706, '2016-06-16', 'NC'),
(55, 2, 294, 4706, 4412, '2016-06-23', 'NC'),
(55, 3, 294, 4412, 4118, '2016-06-30', 'NC'),
(55, 4, 294, 4118, 3824, '2016-07-07', 'NC'),
(55, 5, 294, 3824, 3530, '2016-07-14', 'NC'),
(55, 6, 294, 3530, 3236, '2016-07-21', 'NC'),
(55, 7, 294, 3236, 2942, '2016-07-28', 'NC'),
(55, 8, 294, 2942, 2648, '2016-08-04', 'NC'),
(55, 9, 294, 2648, 2354, '2016-08-11', 'NC'),
(55, 10, 294, 2354, 2060, '2016-08-18', 'NC'),
(55, 11, 294, 2060, 1766, '2016-08-25', 'NC'),
(55, 12, 294, 1766, 1472, '2016-09-01', 'NC'),
(55, 13, 294, 1472, 1178, '2016-09-08', 'NC'),
(55, 14, 294, 1178, 884, '2016-09-15', 'NC'),
(55, 15, 294, 884, 590, '2016-09-22', 'NC'),
(55, 16, 294, 590, 296, '2016-09-29', 'NC'),
(55, 17, 296, 296, 0, '2016-10-06', 'NC'),
(56, 1, 352, 6000, 5648, '2016-06-16', 'NC'),
(56, 2, 352, 5648, 5296, '2016-06-23', 'NC'),
(56, 3, 352, 5296, 4944, '2016-06-30', 'NC'),
(56, 4, 352, 4944, 4592, '2016-07-07', 'NC'),
(56, 5, 352, 4592, 4240, '2016-07-14', 'NC'),
(56, 6, 352, 4240, 3888, '2016-07-21', 'NC'),
(56, 7, 352, 3888, 3536, '2016-07-28', 'NC'),
(56, 8, 352, 3536, 3184, '2016-08-04', 'NC'),
(56, 9, 352, 3184, 2832, '2016-08-11', 'NC'),
(56, 10, 352, 2832, 2480, '2016-08-18', 'NC'),
(56, 11, 352, 2480, 2128, '2016-08-25', 'NC'),
(56, 12, 352, 2128, 1776, '2016-09-01', 'NC'),
(56, 13, 352, 1776, 1424, '2016-09-08', 'NC'),
(56, 14, 352, 1424, 1072, '2016-09-15', 'NC'),
(56, 15, 352, 1072, 720, '2016-09-22', 'NC'),
(56, 16, 352, 720, 368, '2016-09-29', 'NC'),
(56, 17, 368, 368, 0, '2016-10-06', 'NC'),
(57, 1, 411, 7000, 6589, '2016-06-17', '2016/11/20'),
(57, 2, 411, 6589, 6178, '2016-06-24', 'NC'),
(57, 3, 411, 6178, 5767, '2016-07-01', 'NC'),
(57, 4, 411, 5767, 5356, '2016-07-08', 'NC'),
(57, 5, 411, 5356, 4945, '2016-07-15', 'NC'),
(57, 6, 411, 4945, 4534, '2016-07-22', 'NC'),
(57, 7, 411, 4534, 4123, '2016-07-29', 'NC'),
(57, 8, 411, 4123, 3712, '2016-08-05', 'NC'),
(57, 9, 411, 3712, 3301, '2016-08-12', 'NC'),
(57, 10, 411, 3301, 2890, '2016-08-19', 'NC'),
(57, 11, 411, 2890, 2479, '2016-08-26', 'NC'),
(57, 12, 411, 2479, 2068, '2016-09-02', 'NC'),
(57, 13, 411, 2068, 1657, '2016-09-09', 'NC'),
(57, 14, 411, 1657, 1246, '2016-09-16', 'NC'),
(57, 15, 411, 1246, 835, '2016-09-23', 'NC'),
(57, 16, 411, 835, 424, '2016-09-30', 'NC'),
(57, 17, 424, 424, 0, '2016-10-07', 'NC'),
(58, 1, 411, 7000, 6589, '2016-07-03', '2016/11/22'),
(58, 2, 411, 6589, 6178, '2016-07-10', '2016/11/22'),
(58, 3, 411, 6178, 5767, '2016-07-17', 'NC'),
(58, 4, 411, 5767, 5356, '2016-07-24', 'NC'),
(58, 5, 411, 5356, 4945, '2016-07-31', 'NC'),
(58, 6, 411, 4945, 4534, '2016-08-07', 'NC'),
(58, 7, 411, 4534, 4123, '2016-08-14', 'NC'),
(58, 8, 411, 4123, 3712, '2016-08-21', 'NC'),
(58, 9, 411, 3712, 3301, '2016-08-28', 'NC'),
(58, 10, 411, 3301, 2890, '2016-09-04', 'NC'),
(58, 11, 411, 2890, 2479, '2016-09-11', 'NC'),
(58, 12, 411, 2479, 2068, '2016-09-18', 'NC'),
(58, 13, 411, 2068, 1657, '2016-09-25', 'NC'),
(58, 14, 411, 1657, 1246, '2016-10-02', 'NC'),
(58, 15, 411, 1246, 835, '2016-10-09', 'NC'),
(58, 16, 411, 835, 424, '2016-10-16', 'NC'),
(58, 17, 424, 424, 0, '2016-10-23', 'NC'),
(59, 1, 41, 700, 659, '2016-07-03', 'NC'),
(59, 2, 41, 659, 618, '2016-07-10', 'NC'),
(59, 3, 41, 618, 577, '2016-07-17', 'NC'),
(59, 4, 41, 577, 536, '2016-07-24', 'NC'),
(59, 5, 41, 536, 495, '2016-07-31', 'NC'),
(59, 6, 41, 495, 454, '2016-08-07', 'NC'),
(59, 7, 41, 454, 413, '2016-08-14', 'NC'),
(59, 8, 41, 413, 372, '2016-08-21', 'NC'),
(59, 9, 41, 372, 331, '2016-08-28', 'NC'),
(59, 10, 41, 331, 290, '2016-09-04', 'NC'),
(59, 11, 41, 290, 249, '2016-09-11', 'NC'),
(59, 12, 41, 249, 208, '2016-09-18', 'NC'),
(59, 13, 41, 208, 167, '2016-09-25', 'NC'),
(59, 14, 41, 167, 126, '2016-10-02', 'NC'),
(59, 15, 41, 126, 85, '2016-10-09', 'NC'),
(59, 16, 41, 85, 44, '2016-10-16', 'NC'),
(59, 17, 44, 44, 0, '2016-10-23', 'NC'),
(60, 1, 23, 400, 377, '2016-07-03', 'NC'),
(60, 2, 23, 377, 354, '2016-07-10', 'NC'),
(60, 3, 23, 354, 331, '2016-07-17', 'NC'),
(60, 4, 23, 331, 308, '2016-07-24', 'NC'),
(60, 5, 23, 308, 285, '2016-07-31', 'NC'),
(60, 6, 23, 285, 262, '2016-08-07', 'NC'),
(60, 7, 23, 262, 239, '2016-08-14', 'NC'),
(60, 8, 23, 239, 216, '2016-08-21', 'NC'),
(60, 9, 23, 216, 193, '2016-08-28', 'NC'),
(60, 10, 23, 193, 170, '2016-09-04', 'NC'),
(60, 11, 23, 170, 147, '2016-09-11', 'NC'),
(60, 12, 23, 147, 124, '2016-09-18', 'NC'),
(60, 13, 23, 124, 101, '2016-09-25', 'NC'),
(60, 14, 23, 101, 78, '2016-10-02', 'NC'),
(60, 15, 23, 78, 55, '2016-10-09', 'NC'),
(60, 16, 23, 55, 32, '2016-10-16', 'NC'),
(60, 17, 32, 32, 0, '2016-10-23', 'NC');

-- --------------------------------------------------------

--
-- Estructura de tabla para la tabla `cargo`
--

CREATE TABLE `cargo` (
  `ID` int(11) NOT NULL,
  `Cargo` varchar(50) NOT NULL
) ENGINE=InnoDB DEFAULT CHARSET=utf8;

--
-- Volcado de datos para la tabla `cargo`
--

INSERT INTO `cargo` (`ID`, `Cargo`) VALUES
(1, 'Socio'),
(2, 'Administrador de area'),
(3, 'Administrador de reuniones');

-- --------------------------------------------------------

--
-- Estructura de tabla para la tabla `ciclo`
--

CREATE TABLE `ciclo` (
  `n_ciclo` int(11) NOT NULL
) ENGINE=InnoDB DEFAULT CHARSET=latin1;

--
-- Volcado de datos para la tabla `ciclo`
--

INSERT INTO `ciclo` (`n_ciclo`) VALUES
(1),
(2),
(3),
(4),
(5),
(6),
(7),
(8),
(9);

-- --------------------------------------------------------

--
-- Estructura de tabla para la tabla `control_multa`
--

CREATE TABLE `control_multa` (
  `estado` varchar(10) NOT NULL,
  `id_multa` varchar(5) NOT NULL,
  `id_rfecha` date NOT NULL,
  `id_socio` int(11) NOT NULL
) ENGINE=InnoDB DEFAULT CHARSET=latin1;

--
-- Volcado de datos para la tabla `control_multa`
--

INSERT INTO `control_multa` (`estado`, `id_multa`, `id_rfecha`, `id_socio`) VALUES
('p', 'T', '2016-09-03', 1),
('p', 'X', '2016-09-02', 3),
('p', 'X', '2016-09-03', 4),
('p', 'X', '2016-09-02', 1),
('p', 'X', '2016-09-05', 1),
('p', 'T', '2016-10-09', 1),
('p', 'T', '2016-10-09', 1),
('p', 'T', '2016-10-09', 1),
('p', 'T', '2016-10-09', 1),
('p', 'T', '2016-10-10', 2),
('p', 'T', '2016-10-10', 2),
('p', 'T', '2016-10-10', 2),
('p', 'X', '2016-10-11', 3),
('p', 'T', '2016-10-11', 3),
('p', 'T', '2016-10-11', 3),
('p', 'X', '2016-10-11', 3),
('p', 'T', '2016-10-11', 3),
('sp', 'T', '2016-10-13', 12),
('p', 'X', '2016-10-14', 12),
('p', 'T', '2016-10-14', 11),
('p', 'X', '2016-10-14', 11),
('p', 'X', '2016-10-14', 4),
('sp', 'T', '2016-10-14', 7),
('sp', 'X', '2016-10-14', 8),
('sp', 'T', '2016-10-14', 8),
('sp', 'T', '2016-10-14', 11),
('p', 'X', '2016-10-14', 12),
('p', 'X', '2016-10-15', 4),
('sp', 'T', '2016-10-16', 3),
('p', 'T', '2016-10-17', 4),
('p', 'X', '2016-10-17', 1),
('sp', 'X', '2016-10-17', 2),
('p', 'X', '2016-10-17', 1),
('p', 'T', '2016-10-18', 1),
('p', 'T', '2016-10-19', 1),
('p', 'T', '2016-10-20', 1),
('p', 'X', '2016-10-20', 2),
('p', 'T', '2016-10-21', 1),
('p', 'X', '2016-10-21', 2),
('p', 'T', '2016-10-21', 4),
('p', 'X', '2016-10-21', 4),
('p', 'T', '2016-10-21', 4),
('p', 'X', '2016-10-21', 4),
('p', 'T', '2016-11-06', 1),
('p', 'X', '2016-11-06', 2),
('sp', 'T', '2016-11-20', 1);

-- --------------------------------------------------------

--
-- Estructura de tabla para la tabla `cuenta_ahorro`
--

CREATE TABLE `cuenta_ahorro` (
  `c_obligatoria` float DEFAULT NULL,
  `c_voluntaria` float DEFAULT NULL,
  `r_voluntario` float DEFAULT NULL,
  `r_obligatorio` float DEFAULT NULL,
  `total_voluntario` float NOT NULL,
  `total_obligatorio` float NOT NULL,
  `id_rfecha` date NOT NULL,
  `id_socio` int(11) NOT NULL
) ENGINE=InnoDB DEFAULT CHARSET=latin1;

--
-- Volcado de datos para la tabla `cuenta_ahorro`
--

INSERT INTO `cuenta_ahorro` (`c_obligatoria`, `c_voluntaria`, `r_voluntario`, `r_obligatorio`, `total_voluntario`, `total_obligatorio`, `id_rfecha`, `id_socio`) VALUES
(20, 30, NULL, NULL, 0, 0, '2012-07-15', 1),
(20, 10, NULL, NULL, 0, 0, '2012-07-15', 2),
(20, 0, NULL, NULL, 0, 0, '2012-07-15', 3),
(20, 30, NULL, NULL, 0, 0, '2012-07-15', 4),
(20, 30, NULL, NULL, 0, 0, '2012-07-15', 5),
(20, 30, NULL, NULL, 0, 0, '2012-07-15', 6),
(20, 0, NULL, NULL, 0, 0, '2012-07-15', 7),
(20, 30, NULL, NULL, 0, 0, '2012-07-22', 1),
(20, 20, NULL, NULL, 0, 0, '2012-07-22', 2),
(20, 200, NULL, NULL, 0, 0, '2012-07-22', 3),
(20, 30, NULL, NULL, 0, 0, '2012-07-22', 4),
(20, 100, NULL, NULL, 0, 0, '2012-07-22', 5),
(20, 10, NULL, NULL, 0, 0, '2012-07-22', 6),
(20, 0, NULL, NULL, 0, 0, '2012-07-22', 7),
(30, 60, NULL, NULL, 0, 0, '2012-07-22', 8),
(20, 20, NULL, NULL, 0, 0, '2012-07-29', 1),
(20, 20, NULL, NULL, 0, 0, '2012-07-29', 2),
(20, 10, NULL, NULL, 0, 0, '2012-07-29', 3),
(20, 50, NULL, NULL, 0, 0, '2012-07-29', 4),
(20, 0, NULL, NULL, 0, 0, '2012-07-29', 5),
(20, 20, NULL, NULL, 0, 0, '2012-07-29', 6),
(20, 0, NULL, NULL, 0, 0, '2012-07-29', 7),
(20, 0, NULL, NULL, 0, 0, '2012-07-29', 7),
(20, 10, NULL, NULL, 0, 0, '2012-07-29', 8),
(20, 40, NULL, NULL, 0, 0, '2012-08-05', 1),
(20, 50, NULL, NULL, 0, 0, '2012-08-05', 2),
(20, 80, NULL, NULL, 0, 0, '2012-08-05', 3),
(20, 100, NULL, NULL, 0, 0, '2012-08-05', 4),
(20, 70, NULL, NULL, 0, 0, '2012-08-05', 5),
(20, 40, NULL, NULL, 0, 0, '2012-08-05', 6),
(20, 13, NULL, NULL, 0, 0, '2012-08-05', 7),
(20, 13, NULL, NULL, 0, 0, '2012-08-05', 8),
(20, 80, NULL, NULL, 0, 0, '2012-08-12', 1),
(20, 80, NULL, NULL, 0, 0, '2012-08-12', 2),
(20, 30, NULL, NULL, 0, 0, '2012-08-12', 3),
(20, 90, NULL, NULL, 0, 0, '2012-08-12', 4),
(20, 100, NULL, NULL, 0, 0, '2012-08-12', 5),
(20, 80, NULL, NULL, 0, 0, '2012-08-12', 6),
(20, 100, NULL, NULL, 0, 0, '2012-08-12', 7),
(0, 0, NULL, NULL, 0, 0, '2012-08-12', 8),
(20, 75, NULL, NULL, 0, 0, '2012-08-19', 1),
(20, 87, NULL, NULL, 0, 0, '2012-08-19', 2),
(20, 25, NULL, NULL, 0, 0, '2012-08-19', 3),
(20, 80, NULL, NULL, 0, 0, '2012-08-19', 4),
(20, 475, NULL, NULL, 0, 0, '2012-08-19', 5),
(20, 30, NULL, NULL, 0, 0, '2012-08-19', 6),
(20, 75, NULL, NULL, 0, 0, '2012-08-19', 7),
(0, 0, NULL, NULL, 0, 0, '2012-08-19', 8),
(20, 80, NULL, NULL, 0, 0, '2012-08-26', 1),
(20, 30, NULL, NULL, 0, 0, '2012-08-26', 2),
(20, 0, NULL, NULL, 0, 0, '2012-08-26', 3),
(20, 20, NULL, NULL, 0, 0, '2012-08-26', 4),
(20, 100, NULL, NULL, 0, 0, '2012-08-26', 5),
(20, 30, NULL, NULL, 0, 0, '2012-08-26', 6),
(20, 100, NULL, NULL, 0, 0, '2012-08-26', 7),
(60, 35, NULL, NULL, 0, 0, '2012-08-26', 8),
(20, 80, NULL, NULL, 0, 0, '2012-09-02', 1),
(20, 75, NULL, NULL, 0, 0, '2012-09-02', 2),
(20, 0, NULL, NULL, 0, 0, '2012-09-02', 3),
(20, 80, NULL, NULL, 0, 0, '2012-09-02', 4),
(20, 200, NULL, NULL, 0, 0, '2012-09-02', 5),
(20, 75, NULL, NULL, 0, 0, '2012-09-02', 6),
(20, 95, NULL, NULL, 0, 0, '2012-09-02', 7),
(20, 20, NULL, NULL, 0, 0, '2012-09-02', 8),
(20, 20, NULL, NULL, 0, 0, '2012-09-09', 1),
(20, 65, NULL, NULL, 0, 0, '2012-09-09', 2),
(20, 0, NULL, NULL, 0, 0, '2012-09-09', 3),
(20, 80, NULL, NULL, 0, 0, '2012-09-09', 4),
(20, 90, NULL, NULL, 0, 0, '2012-09-09', 5),
(20, 20, NULL, NULL, 0, 0, '2012-09-09', 6),
(20, 100, NULL, NULL, 0, 0, '2012-09-09', 7),
(0, 0, NULL, NULL, 0, 0, '2012-09-09', 8),
(20, 175, NULL, NULL, 0, 0, '2012-09-16', 1),
(20, 190, NULL, NULL, 0, 0, '2012-09-16', 2),
(20, 0, NULL, NULL, 0, 0, '2012-09-16', 3),
(20, 0, NULL, NULL, 0, 0, '2012-09-16', 4),
(20, 110, NULL, NULL, 0, 0, '2012-09-16', 5),
(20, 35, NULL, NULL, 0, 0, '2012-09-16', 6),
(20, 100, NULL, NULL, 0, 0, '2012-09-16', 7),
(40, 0, NULL, NULL, 0, 0, '2012-09-16', 8),
(20, 80, NULL, NULL, 0, 0, '2012-09-23', 1),
(20, 120, NULL, NULL, 0, 0, '2012-09-23', 2),
(0, 0, NULL, NULL, 0, 0, '2012-09-23', 3),
(20, 30, NULL, NULL, 0, 0, '2012-09-23', 4),
(20, 344, NULL, NULL, 0, 0, '2012-09-23', 5),
(20, 75, NULL, NULL, 0, 0, '2012-09-23', 6),
(20, 100, NULL, NULL, 0, 0, '2012-09-23', 7),
(20, 60, NULL, NULL, 0, 0, '2012-09-23', 8),
(20, 280, NULL, NULL, 0, 0, '2012-09-30', 1),
(20, 50, NULL, NULL, 0, 0, '2012-09-30', 2),
(40, 0, NULL, NULL, 0, 0, '2012-09-30', 3),
(20, 0, NULL, NULL, 0, 0, '2012-09-30', 4),
(20, 475, NULL, NULL, 0, 0, '2012-09-30', 5),
(20, 25, NULL, NULL, 0, 0, '2012-09-30', 6),
(20, 100, NULL, NULL, 0, 0, '2012-09-30', 7),
(20, 50, NULL, NULL, 0, 0, '2012-09-30', 8),
(20, 80, NULL, NULL, 0, 0, '2012-10-07', 1),
(20, 0, NULL, NULL, 0, 0, '2012-10-07', 2),
(0, 0, NULL, NULL, 0, 0, '2012-10-07', 3),
(20, 100, NULL, NULL, 0, 0, '2012-10-07', 4),
(20, 0, NULL, NULL, 0, 0, '2012-10-07', 5),
(20, 0, NULL, NULL, 0, 0, '2012-10-07', 6),
(20, 100, NULL, NULL, 0, 0, '2012-10-07', 7),
(20, 2, NULL, NULL, 0, 0, '2012-10-07', 8),
(30, 30, NULL, NULL, 0, 0, '2016-03-06', 4),
(30, 30, NULL, NULL, 0, 0, '2016-03-06', 4),
(30, 30, NULL, NULL, 0, 0, '2016-03-06', 4),
(30, 30, NULL, NULL, 0, 0, '2016-03-06', 4),
(30, 200, NULL, NULL, 0, 0, '2012-07-15', 11),
(30, 500, NULL, NULL, 0, 0, '2012-09-02', 11),
(30, 100, NULL, NULL, 0, 0, '2016-03-22', 11),
(30, 100, NULL, NULL, 0, 0, '2016-03-22', 11),
(30, 300, NULL, NULL, 0, 0, '2016-03-26', 11),
(50, 30, NULL, NULL, 0, 0, '2016-08-07', 2),
(30, 60, 0, 0, 60, 30, '2016-08-16', 1),
(30, 60, 0, 0, 60, 30, '2016-08-13', 1),
(30, 37, 0, 0, 37, 30, '2016-08-17', 2),
(30, 105, 0, 0, 105, 30, '2016-08-27', 1),
(16, 16, 0, 0, 16, 16, '2016-08-30', 3),
(30, 100, 0, 0, 100, 30, '2016-09-01', 2),
(200, 200, 0, 0, 200, 200, '2016-09-01', 3),
(500, 615, 0, 0, 615, 500, '2016-09-02', 1),
(45, 45, 0, 0, 45, 45, '2016-09-03', 4),
(22, 22, 0, 0, 22, 22, '2016-09-04', 3),
(81, 81, 0, 0, 81, 81, '2016-09-05', 4),
(40, 40, 0, 0, 40, 40, '2016-09-06', 4),
(50, 50, 0, 0, 40, 40, '2016-09-10', 4),
(30, 20, 0, 0, 60, 70, '2016-09-11', 4),
(0, 0, 10, 20, 50, 50, '2016-09-12', 4),
(30, 20, 10, 20, 60, 60, '2016-09-13', 4),
(30, 30, 10, 20, 80, 70, '2016-09-14', 4),
(40, 40, 0, 0, 40, 40, '2016-09-18', 1),
(30, 30, 0, 0, 30, 30, '2016-09-18', 2),
(50, 50, 0, 0, 50, 50, '2016-09-18', 3),
(30, 30, 0, 0, 30, 30, '2016-09-20', 3),
(40, 40, 0, 0, 70, 70, '2016-09-20', 1),
(50, 50, 0, 0, 50, 50, '2016-09-22', 1),
(60, 60, 0, 0, 60, 60, '2016-09-22', 1),
(50, 80, 0, 0, 140, 110, '2016-09-22', 1),
(50, 80, 0, 0, 80, 50, '2016-09-22', 3),
(50, 50, 0, 0, 50, 50, '2016-09-23', 2),
(30, 30, 0, 0, 170, 140, '2016-09-23', 1),
(30, 50, 0, 0, 50, 30, '2016-09-23', 4),
(60, 60, 0, 0, 60, 60, '2016-09-23', 5),
(30, 80, 0, 0, 140, 90, '2016-09-23', 5),
(10, 40, 0, 0, 180, 100, '2016-09-23', 5),
(10, 40, 0, 0, 40, 10, '2016-09-23', 7),
(30, 40, 0, 0, 40, 30, '2016-09-24', 3),
(30, 600, 0, 0, 780, 130, '2016-09-24', 5),
(0, 0, 80, 30, 700, 100, '2016-09-25', 5),
(40, 40, 0, 0, 40, 40, '2016-09-26', 1),
(600, 150, 0, 0, 150, 600, '2016-09-26', 2),
(160, 300, 0, 0, 300, 160, '2016-09-26', 3),
(320, 250, 0, 0, 250, 320, '2016-09-26', 4),
(657, 1300, 0, 0, 1300, 657, '2016-09-26', 6),
(500, 800, 0, 0, 800, 500, '2016-09-26', 7),
(230, 600, 0, 0, 600, 230, '2016-09-26', 8),
(25, 300, 0, 0, 450, 625, '2016-09-27', 2),
(15, 200, 0, 0, 350, 615, '2016-09-27', 2),
(30, 30, 0, 0, 30, 30, '2016-09-28', 3),
(30, 30, 0, 0, 30, 30, '2016-09-28', 3),
(30, 30, 0, 0, 30, 30, '2016-09-28', 1),
(15, 15, 0, 0, 365, 630, '2016-09-28', 2),
(15, 15, 0, 0, 15, 15, '2016-09-28', 1),
(30, 40, 0, 0, 390, 645, '2016-09-28', 2),
(30, 40, 0, 0, 40, 30, '2016-09-28', 1),
(30, 400, 0, 0, 440, 60, '2016-09-29', 1),
(600, 500, 0, 0, 500, 600, '2016-10-02', 1),
(600, 300, 0, 0, 800, 1200, '2016-10-03', 1),
(600, 200, 0, 0, 200, 600, '2016-10-03', 2),
(600, 200, 0, 0, 200, 600, '2016-10-03', 3),
(100, 200, 0, 0, 1000, 1300, '2016-10-04', 1),
(100, 400, 0, 0, 600, 700, '2016-10-04', 2),
(30, 50, 0, 0, 1050, 1330, '2016-10-05', 1),
(3, 600, 0, 0, 600, 3, '2016-10-17', 4),
(3, 600, 0, 0, 600, 3, '2016-10-17', 1),
(3, 600, 0, 0, 600, 3, '2016-10-17', 2),
(100, 200, 0, 0, 200, 100, '2016-10-17', 3),
(300, 500, 0, 0, 1100, 303, '2016-10-18', 1),
(30, 300, 0, 0, 1400, 333, '2016-10-19', 1),
(0, 0, 0, 0, 1100, 303, '2016-10-19', 1),
(100, 500, 0, 0, 1600, 403, '2016-10-20', 1),
(30, 100, 0, 0, 1700, 433, '2016-10-21', 1),
(30, 100, 0, 0, 100, 30, '2016-10-21', 2),
(800, 1500, 0, 0, 1500, 800, '2016-10-21', 3),
(350, 600, 0, 0, 600, 350, '2016-10-21', 4),
(0, 100, 100, 0, 0, 0, '2016-10-21', 5),
(0, 0, 0, 0, 1700, 433, '2016-10-22', 1),
(600, 200, 0, 0, 300, 630, '2016-10-22', 2),
(800, 300, 0, 0, 1800, 1600, '2016-10-22', 3),
(300, 600, 0, 0, 600, 300, '2016-11-06', 1),
(600, 300, 0, 0, 300, 600, '2016-11-06', 2),
(450, 380, 0, 0, 980, 750, '2016-11-07', 1),
(530, 850, 0, 0, 1150, 1130, '2016-11-07', 2),
(240, 750, 0, 0, 1730, 990, '2016-11-08', 1),
(200, 1500, 0, 0, 2650, 1330, '2016-11-08', 2),
(40, 30, 0, 0, 1760, 1030, '2016-11-09', 1),
(400, 300, 0, 0, 2950, 1730, '2016-11-09', 2),
(330, 600, 0, 0, 600, 330, '2016-11-10', 1),
(700, 500, 0, 0, 1100, 1030, '2016-11-11', 1),
(200, 700, 0, 0, 700, 200, '2016-11-11', 2),
(630, 1350, 0, 0, 1350, 630, '2016-11-11', 3),
(30, 50, 0, 0, 1150, 1060, '2016-11-12', 1),
(30, 40, 0, 0, 740, 230, '2016-11-12', 2),
(30, 40, 0, 0, 1190, 1090, '2016-11-13', 1),
(30, 20, 0, 0, 760, 260, '2016-11-13', 2),
(30, 60, 0, 0, 1250, 1120, '2016-11-14', 1),
(30, 50, 0, 0, 810, 290, '2016-11-14', 2),
(30, 20, 0, 0, 1270, 1150, '2016-11-15', 1),
(30, 3, 0, 0, 813, 320, '2016-11-15', 2),
(40, 30, 0, 0, 1300, 1190, '2016-11-16', 1),
(30, 40, 0, 0, 853, 350, '2016-11-16', 2),
(30, 30, 0, 0, 1330, 1220, '2016-11-17', 1),
(30, 50, 0, 0, 903, 380, '2016-11-17', 2),
(30, 30, 0, 0, 1360, 1250, '2016-11-18', 1),
(30, 30, 0, 0, 933, 410, '2016-11-18', 2),
(30, 60, 0, 0, 1420, 1280, '2016-11-19', 1),
(30, 70, 0, 0, 1003, 440, '2016-11-19', 2),
(30, 30, 0, 0, 1450, 1310, '2016-11-20', 1);

-- --------------------------------------------------------

--
-- Estructura de tabla para la tabla `multa`
--

CREATE TABLE `multa` (
  `id_multa` varchar(5) NOT NULL,
  `tarifa` float NOT NULL,
  `descripcion` varchar(30) NOT NULL
) ENGINE=InnoDB DEFAULT CHARSET=latin1;

--
-- Volcado de datos para la tabla `multa`
--

INSERT INTO `multa` (`id_multa`, `tarifa`, `descripcion`) VALUES
('', 0, 'Sin Multa'),
('M', 50, 'Membresia'),
('T', 5, 'Tarde'),
('X', 10, 'Ausente');

-- --------------------------------------------------------

--
-- Estructura de tabla para la tabla `personal`
--

CREATE TABLE `personal` (
  `id_socio` int(11) NOT NULL,
  `nombre` varchar(30) NOT NULL,
  `n_cedula` varchar(20) NOT NULL,
  `telefono` int(11) NOT NULL,
  `direccion` varchar(150) NOT NULL,
  `IDcargo` int(11) NOT NULL,
  `estado` varchar(140) DEFAULT NULL
) ENGINE=InnoDB DEFAULT CHARSET=latin1;

--
-- Volcado de datos para la tabla `personal`
--

INSERT INTO `personal` (`id_socio`, `nombre`, `n_cedula`, `telefono`, `direccion`, `IDcargo`, `estado`) VALUES
(1, '', '', 0, '', 1, NULL),
(2, 'Dania Lopez', '401-210486-0000D', 83821321, 'Calvario Nindiri cuadra y media al sur', 1, NULL),
(3, 'Lorna Solano', '402-060591-0000S', 88162425, 'Del calvario Nindiri cuadra y media al sur', 1, NULL),
(4, 'Mercedes Guerrero', '403-080970-001T', 82355803, 'carretera a Masaya Km 26 300 vrs al norte', 1, NULL),
(5, 'Karina Solano', '402-031082-000D', 74601562, 'Gasolinera de Nindiri dos cuadras y media abajo', 1, NULL),
(6, 'Manuel Ñurinda', '401-271280-0001C', 76345902, 'Cementerio Nindiri dos cuadras al norte', 1, NULL),
(7, 'Argentina Tapia', '401-280972-0003D', 82345903, 'Carretera a Masaya Km 26 150 vrs al norte', 1, NULL),
(8, 'Lisbeth Solano', '402-090890-001S', 89663452, 'Entrada de Nindiri una cuadra y media al sur y 3 cuadrar al norte', 1, NULL),
(10, 'kristopher ', '401-101295-0001D', 89876776, 'GRANADA', 2, NULL),
(11, 'josefina', '001-123096-0039G', 56734521, 'luna', 1, NULL),
(12, 'Kenny Solis', '001-123096-0039G', 89065789, 'Chinandega', 1, NULL),
(14, 'Michael Robles', '001-241099-1020F', 76188610, 'Tipitapa', 1, NULL),
(15, 'Carlos Navarrete', '001-120390-0039C', 89876776, 'Managua', 3, 'inactivo'),
(16, 'Laura Salazar', '003-123456-9876C', 12345678, 'Masaya', 1, NULL),
(17, 'Laura Salazar', '003-123456-9876C', 12345678, 'Masaya', 1, NULL),
(18, 'Amor', 'Te amo', 0, 'al infinito', 1, NULL),
(19, 'Palacios', '0000', 9999, 'La fuente', 2, 'activo'),
(23, 'Mama', '122-112212-1221d', 22531133, 'granada, la calzada', 3, 'inactivo'),
(24, 'Kristopher', '001-120296-0039C', 89876776, 'Esquipulas', 3, 'inactivo'),
(25, 'Jossef Tikays', '001-232343-9910D', 66578493, 'Diriamba, Granada', 3, 'inactivo'),
(26, 'Maria', '001-301296-0039G', 66778899, 'Ticuantepe', 3, 'inactivo'),
(27, 'Jossef Tikays', '001-141567-4400M', 22334455, 'Niquinomo', 3, 'activo');

-- --------------------------------------------------------

--
-- Estructura de tabla para la tabla `prestamo`
--

CREATE TABLE `prestamo` (
  `id_prestamo` int(11) NOT NULL,
  `monto` float NOT NULL,
  `taza_interes` float NOT NULL,
  `id_rfecha` date NOT NULL,
  `id_socio` int(11) NOT NULL,
  `estado` varchar(5) NOT NULL
) ENGINE=InnoDB DEFAULT CHARSET=latin1;

--
-- Volcado de datos para la tabla `prestamo`
--

INSERT INTO `prestamo` (`id_prestamo`, `monto`, `taza_interes`, `id_rfecha`, `id_socio`, `estado`) VALUES
(1, 2500, 120, '2012-09-09', 4, ''),
(2, 2690, 322.8, '2012-09-09', 5, ''),
(3, 1000, 30, '2012-09-09', 7, ''),
(4, 300, 9, '2012-09-09', 8, ''),
(5, 1600, 192, '2012-09-16', 2, ''),
(6, 2080, 249.6, '2012-09-30', 7, ''),
(7, 1900, 228, '2012-10-07', 4, ''),
(8, 210, 25.2, '2012-10-07', 8, ''),
(9, 5000, 600, '2016-01-15', 10, ''),
(11, 1500, 100, '2016-03-22', 11, ''),
(13, 3500, 420, '2016-03-27', 12, ''),
(16, 3500, 420, '2016-07-30', 12, ''),
(18, 3500, 420, '2016-07-30', 12, ''),
(20, 4800, 576, '2013-08-02', 11, ''),
(21, 7000, 840, '2016-08-05', 7, ''),
(22, 500, 60, '2016-08-06', 5, ''),
(23, 500, 60, '2016-08-07', 1, ''),
(24, 500, 60, '2016-08-12', 1, ''),
(25, 1000, 120, '2016-08-13', 3, ''),
(26, 500, 60, '2016-09-14', 1, ''),
(27, 600, 72, '2016-09-14', 1, ''),
(28, 700, 84, '2016-09-27', 1, ''),
(29, 600, 72, '2016-10-16', 2, ''),
(40, 10000, 1200, '2016-11-02', 3, 'NC'),
(41, 3600, 432, '2016-11-03', 14, 'NC'),
(42, 7000, 840, '2016-11-04', 7, 'NC'),
(43, 6000, 720, '2016-11-05', 3, 'NC'),
(44, 7000, 840, '2016-11-06', 5, 'NC'),
(45, 7500, 900, '2016-11-07', 5, 'NC'),
(46, 4000, 480, '2016-11-08', 8, 'NC'),
(47, 13000, 1560, '2016-11-09', 11, 'NC'),
(48, 2000, 240, '2016-11-11', 6, 'NC'),
(49, 8000, 960, '2016-11-12', 12, 'NC'),
(50, 7000, 840, '2016-11-13', 3, 'NC'),
(51, 10000, 1200, '2016-11-14', 10, 'NC'),
(52, 1500, 180, '2016-11-15', 3, 'NC'),
(53, 1500, 180, '2016-11-16', 6, 'NC'),
(54, 1500, 180, '2016-11-17', 1, 'NC'),
(55, 5000, 600, '2016-11-18', 8, 'NC'),
(56, 6000, 720, '2016-11-19', 12, 'NC'),
(57, 7000, 840, '2016-11-20', 1, 'NC'),
(58, 7000, 840, '2016-11-22', 1, 'NC'),
(59, 700, 84, '2016-11-23', 1, 'C'),
(60, 400, 48, '2016-11-24', 1, 'NC');

-- --------------------------------------------------------

--
-- Estructura de tabla para la tabla `reunion`
--

CREATE TABLE `reunion` (
  `n_reunion` int(11) NOT NULL,
  `id_rfecha` date NOT NULL,
  `n_ciclo` int(11) NOT NULL
) ENGINE=InnoDB DEFAULT CHARSET=latin1;

--
-- Volcado de datos para la tabla `reunion`
--

INSERT INTO `reunion` (`n_reunion`, `id_rfecha`, `n_ciclo`) VALUES
(1, '2012-07-15', 1),
(2, '2012-07-22', 1),
(3, '2012-07-29', 1),
(4, '2012-08-05', 1),
(5, '2012-08-12', 1),
(6, '2012-08-19', 1),
(7, '2012-08-26', 1),
(8, '2012-09-02', 1),
(9, '2012-09-09', 1),
(10, '2012-09-16', 1),
(11, '2012-09-23', 1),
(12, '2012-09-30', 1),
(13, '2012-10-07', 1),
(14, '2012-10-14', 1),
(10, '2013-07-31', 3),
(10, '2013-08-02', 3),
(11, '2013-08-03', 3),
(11, '2013-08-31', 3),
(1, '2016-01-15', 2),
(1, '2016-03-06', 3),
(3, '2016-03-08', 1),
(4, '2016-03-22', 3),
(5, '2016-03-26', 3),
(6, '2016-03-27', 3),
(10, '2016-05-02', 3),
(2, '2016-05-11', 4),
(7, '2016-07-28', 3),
(8, '2016-07-29', 3),
(9, '2016-07-30', 3),
(11, '2016-08-01', 3),
(11, '2016-08-02', 3),
(12, '2016-08-03', 3),
(14, '2016-08-04', 3),
(15, '2016-08-05', 3),
(16, '2016-08-06', 3),
(17, '2016-08-07', 3),
(1, '2016-08-09', 3),
(17, '2016-08-10', 3),
(17, '2016-08-11', 3),
(1, '2016-08-12', 4),
(2, '2016-08-13', 4),
(3, '2016-08-14', 4),
(4, '2016-08-15', 4),
(5, '2016-08-16', 4),
(6, '2016-08-17', 4),
(7, '2016-08-18', 4),
(8, '2016-08-19', 4),
(9, '2016-08-20', 4),
(10, '2016-08-21', 4),
(11, '2016-08-22', 4),
(12, '2016-08-23', 4),
(13, '2016-08-24', 4),
(14, '2016-08-25', 4),
(15, '2016-08-26', 4),
(16, '2016-08-27', 4),
(17, '2016-08-28', 4),
(1, '2016-08-29', 5),
(2, '2016-08-30', 5),
(3, '2016-09-01', 5),
(4, '2016-09-02', 5),
(5, '2016-09-03', 5),
(6, '2016-09-04', 5),
(7, '2016-09-05', 5),
(8, '2016-09-06', 5),
(9, '2016-09-10', 5),
(10, '2016-09-11', 5),
(11, '2016-09-12', 5),
(12, '2016-09-13', 5),
(13, '2016-09-14', 5),
(14, '2016-09-15', 5),
(15, '2016-09-16', 5),
(16, '2016-09-17', 5),
(17, '2016-09-18', 5),
(1, '2016-09-19', 6),
(2, '2016-09-20', 6),
(3, '2016-09-21', 6),
(4, '2016-09-22', 6),
(5, '2016-09-23', 6),
(6, '2016-09-24', 6),
(7, '2016-09-25', 6),
(8, '2016-09-26', 6),
(9, '2016-09-27', 6),
(10, '2016-09-28', 6),
(11, '2016-09-29', 6),
(12, '2016-09-30', 6),
(13, '2016-10-01', 6),
(14, '2016-10-02', 6),
(15, '2016-10-03', 6),
(16, '2016-10-04', 6),
(17, '2016-10-05', 6),
(1, '2016-10-06', 7),
(2, '2016-10-07', 7),
(3, '2016-10-08', 7),
(4, '2016-10-09', 7),
(5, '2016-10-10', 7),
(6, '2016-10-11', 7),
(7, '2016-10-12', 7),
(8, '2016-10-13', 7),
(9, '2016-10-14', 7),
(10, '2016-10-15', 7),
(11, '2016-10-16', 7),
(12, '2016-10-17', 7),
(13, '2016-10-18', 7),
(14, '2016-10-19', 7),
(15, '2016-10-20', 7),
(16, '2016-10-21', 7),
(17, '2016-10-22', 7),
(1, '2016-10-23', 8),
(2, '2016-10-24', 8),
(3, '2016-10-25', 8),
(4, '2016-10-26', 8),
(5, '2016-10-27', 8),
(6, '2016-10-28', 8),
(7, '2016-10-29', 8),
(8, '2016-10-30', 8),
(9, '2016-11-01', 8),
(10, '2016-11-02', 8),
(11, '2016-11-03', 8),
(12, '2016-11-04', 8),
(13, '2016-11-05', 8),
(14, '2016-11-06', 8),
(15, '2016-11-07', 8),
(16, '2016-11-08', 8),
(17, '2016-11-09', 8),
(1, '2016-11-10', 9),
(2, '2016-11-11', 9),
(3, '2016-11-12', 9),
(4, '2016-11-13', 9),
(5, '2016-11-14', 9),
(6, '2016-11-15', 9),
(7, '2016-11-16', 9),
(8, '2016-11-17', 9),
(9, '2016-11-18', 9),
(10, '2016-11-19', 9),
(11, '2016-11-20', 9),
(12, '2016-11-21', 9),
(13, '2016-11-22', 9),
(14, '2016-11-23', 9),
(15, '2016-11-24', 9);

-- --------------------------------------------------------

--
-- Estructura de tabla para la tabla `rol`
--

CREATE TABLE `rol` (
  `id_rol` int(11) NOT NULL,
  `nombre_rol` varchar(30) NOT NULL
) ENGINE=InnoDB DEFAULT CHARSET=latin1;

--
-- Volcado de datos para la tabla `rol`
--

INSERT INTO `rol` (`id_rol`, `nombre_rol`) VALUES
(0, 'Sin Rol'),
(1, 'Presidente'),
(2, 'Tesorero'),
(3, 'Secretario'),
(4, 'Controlador');

-- --------------------------------------------------------

--
-- Estructura de tabla para la tabla `socio_ciclo`
--

CREATE TABLE `socio_ciclo` (
  `id_socio` int(11) NOT NULL,
  `n_ciclo` int(11) NOT NULL,
  `id_rol` int(11) NOT NULL
) ENGINE=InnoDB DEFAULT CHARSET=latin1;

--
-- Volcado de datos para la tabla `socio_ciclo`
--

INSERT INTO `socio_ciclo` (`id_socio`, `n_ciclo`, `id_rol`) VALUES
(1, 1, 2),
(2, 1, 1),
(3, 1, 3),
(4, 1, 4),
(2, 2, 1),
(3, 2, 2),
(4, 2, 3),
(10, 2, 4),
(10, 2, 4),
(1, 2, 2),
(3, 2, 3),
(5, 2, 4),
(8, 2, 1),
(1, 4, 1),
(2, 4, 2),
(3, 4, 3),
(4, 4, 4),
(4, 4, 4),
(4, 4, 4),
(1, 5, 1),
(2, 5, 2),
(3, 5, 3),
(4, 5, 4),
(1, 6, 1),
(2, 6, 2),
(3, 6, 3),
(4, 6, 4),
(1, 7, 1),
(2, 7, 2),
(3, 7, 3),
(4, 7, 4),
(1, 8, 1),
(2, 8, 2),
(3, 8, 3),
(4, 8, 4),
(1, 9, 1),
(2, 9, 2),
(3, 9, 3),
(4, 9, 4);

-- --------------------------------------------------------

--
-- Estructura de tabla para la tabla `socio_reunion`
--

CREATE TABLE `socio_reunion` (
  `id_socio` int(11) NOT NULL,
  `id_rfecha` date NOT NULL,
  `id_multa` varchar(5) DEFAULT NULL,
  `pago_multa` float DEFAULT NULL,
  `fondo_social` float DEFAULT NULL,
  `retiro_social` float DEFAULT NULL
) ENGINE=InnoDB DEFAULT CHARSET=latin1;

--
-- Volcado de datos para la tabla `socio_reunion`
--

INSERT INTO `socio_reunion` (`id_socio`, `id_rfecha`, `id_multa`, `pago_multa`, `fondo_social`, `retiro_social`) VALUES
(1, '2012-07-15', 'M', 50, 0, 0),
(2, '2012-07-15', 'M', 50, 0, 0),
(3, '2012-07-15', 'M', 50, 0, 0),
(4, '2012-07-15', 'M', 50, 0, 0),
(5, '2012-07-15', 'M', 50, 0, 0),
(6, '2012-07-15', 'M', 50, 0, 0),
(7, '2012-07-15', 'M', 50, 0, 0),
(1, '2012-07-22', '', 0, 0, 0),
(2, '2012-07-22', '', 0, 0, 0),
(3, '2012-07-22', '', 0, 0, 0),
(4, '2012-07-22', '', 0, 0, 0),
(5, '2012-07-22', '', 0, 0, 0),
(6, '2012-07-22', '', 0, 0, 0),
(7, '2012-07-22', '', 0, 0, 0),
(8, '2012-07-22', 'M', 50, 0, 0),
(1, '2012-07-29', '', 0, 0, 0),
(2, '2012-07-29', '', 0, 0, 0),
(3, '2012-07-29', '', 0, 0, 0),
(4, '2012-07-29', '', 0, 0, 0),
(5, '2012-07-29', '', 0, 0, 0),
(6, '2012-07-29', '', 0, 0, 0),
(7, '2012-07-29', '', 50, 0, 0),
(8, '2012-07-29', '', 0, 0, 0),
(1, '2012-08-05', '', 0, 0, 0),
(2, '2012-08-05', '', 0, 0, 0),
(3, '2012-08-05', '', 0, 0, 0),
(4, '2012-08-05', '', 0, 0, 0),
(5, '2012-08-05', '', 5, 0, 0),
(6, '2012-08-05', '', 0, 0, 0),
(7, '2012-08-05', '', 0, 0, 0),
(8, '2012-08-05', '', 0, 0, 0),
(1, '2012-08-12', '', 0, 0, 0),
(2, '2012-08-12', '', 0, 0, 0),
(3, '2012-08-12', '', 0, 0, 0),
(4, '2012-08-12', '', 0, 0, 0),
(5, '2012-08-12', '', 0, 0, 0),
(6, '2012-08-12', '', 0, 0, 0),
(7, '2012-08-12', '', 0, 0, 0),
(8, '2012-08-12', '', 0, 0, 0),
(1, '2012-08-19', '', 0, 5, 0),
(2, '2012-08-19', '', 0, 5, 0),
(3, '2012-08-19', '', 0, 5, 0),
(4, '2012-08-19', '', 0, 5, 0),
(5, '2012-08-19', '', 0, 5, 0),
(6, '2012-08-19', '', 0, 5, 0),
(7, '2012-08-19', '', 0, 5, 0),
(8, '2012-08-19', '', 0, 0, 0),
(1, '2012-08-26', '', 0, 5, 0),
(2, '2012-08-26', '', 10, 5, 0),
(3, '2012-08-26', '', 0, 5, 0),
(4, '2012-08-26', '', 0, 5, 0),
(5, '2012-08-26', '', 0, 5, 0),
(6, '2012-08-26', '', 0, 5, 0),
(7, '2012-08-26', '', 0, 5, 0),
(8, '2012-08-26', '', 20, 15, 0),
(1, '2012-09-02', '', 0, 5, 0),
(2, '2012-09-02', '', 0, 5, 0),
(3, '2012-09-02', '', 0, 5, 0),
(4, '2012-09-02', '', 0, 5, 0),
(5, '2012-09-02', '', 0, 5, 0),
(6, '2012-09-02', '', 5, 5, 0),
(7, '2012-09-02', '', 0, 5, 0),
(8, '2012-09-02', '', 0, 5, 0),
(1, '2012-09-09', '', 0, 5, 0),
(2, '2012-09-09', '', 0, 5, 0),
(3, '2012-09-09', '', 0, 0, 0),
(4, '2012-09-09', '', 0, 5, 0),
(5, '2012-09-09', '', 0, 5, 0),
(6, '2012-09-09', '', 5, 5, 0),
(7, '2012-09-09', '', 0, 5, 0),
(8, '2012-09-09', '', 0, 0, 0),
(1, '2012-09-16', '', 0, 5, 0),
(2, '2012-09-16', '', 0, 5, 0),
(3, '2012-09-16', '', 0, 5, 0),
(4, '2012-09-16', '', 0, 5, 0),
(5, '2012-09-16', '', 0, 5, 0),
(6, '2012-09-16', '', 0, 5, 0),
(7, '2012-09-16', '', 0, 5, 0),
(8, '2012-09-16', '', 0, 10, 0),
(1, '2012-09-23', '', 0, 5, 0),
(2, '2012-09-23', '', 0, 5, 0),
(3, '2012-09-23', '', 0, 0, 0),
(4, '2012-09-23', '', 0, 5, 0),
(5, '2012-09-23', '', 0, 5, 0),
(6, '2012-09-23', '', 0, 5, 0),
(7, '2012-09-23', '', 0, 5, 0),
(8, '2012-09-23', '', 0, 5, 0),
(1, '2012-09-30', '', 0, 5, 0),
(2, '2012-09-30', '', 0, 5, 0),
(3, '2012-09-30', '', 10, 10, 0),
(4, '2012-09-30', '', 0, 5, 0),
(5, '2012-09-30', '', 0, 5, 0),
(6, '2012-09-30', '', 0, 5, 0),
(7, '2012-09-30', '', 0, 5, 0),
(8, '2012-09-30', '', 0, 5, 0),
(1, '2012-10-07', '', 0, 5, 0),
(2, '2012-10-07', '', 0, 5, 0),
(3, '2012-10-07', '', 0, 0, 0),
(4, '2012-10-07', '', 0, 0, 0),
(5, '2012-10-07', '', 0, 5, 0),
(6, '2012-10-07', '', 0, 5, 0),
(7, '2012-10-07', '', 0, 5, 0),
(8, '2012-10-07', '', 0, 5, 0),
(4, '2016-03-06', '', 0, 10, 0),
(4, '2016-03-06', '', 0, 5, 0),
(11, '2012-07-15', 'M', 50, 5, 0),
(11, '2016-03-22', 'X', 0, 5, 0),
(11, '2016-03-26', '', 0, 5, 0);

-- --------------------------------------------------------

--
-- Estructura de tabla para la tabla `usuario`
--

CREATE TABLE `usuario` (
  `id_usuario` int(11) NOT NULL,
  `usuario_nombre` varchar(50) NOT NULL,
  `usuario_clave` varchar(50) NOT NULL
) ENGINE=InnoDB DEFAULT CHARSET=utf8;

--
-- Volcado de datos para la tabla `usuario`
--

INSERT INTO `usuario` (`id_usuario`, `usuario_nombre`, `usuario_clave`) VALUES
(18, 'gorda', '1234'),
(19, 'pala', '1234'),
(1, 'jaja', '1234'),
(15, 'carlos', '1234'),
(23, 'LauP', '1234'),
(24, 'KrisOP', '1234'),
(8, 'LisSo', '1234'),
(2, 'DaLopez', '1234'),
(25, 'JTikays', '1234'),
(26, 'MariJ', '1234'),
(27, 'JTikays', '1234');

--
-- Índices para tablas volcadas
--

--
-- Indices de la tabla `abono`
--
ALTER TABLE `abono`
  ADD KEY `id_prestamo` (`id_prestamo`);

--
-- Indices de la tabla `cargo`
--
ALTER TABLE `cargo`
  ADD PRIMARY KEY (`ID`);

--
-- Indices de la tabla `ciclo`
--
ALTER TABLE `ciclo`
  ADD PRIMARY KEY (`n_ciclo`);

--
-- Indices de la tabla `control_multa`
--
ALTER TABLE `control_multa`
  ADD KEY `fk_multa` (`id_multa`),
  ADD KEY `fk_fecha` (`id_rfecha`),
  ADD KEY `fk_socio` (`id_socio`);

--
-- Indices de la tabla `cuenta_ahorro`
--
ALTER TABLE `cuenta_ahorro`
  ADD KEY `fk_cuenta_ahorro_reunion` (`id_rfecha`),
  ADD KEY `fk_cuenta_ahorro_socio` (`id_socio`);

--
-- Indices de la tabla `multa`
--
ALTER TABLE `multa`
  ADD PRIMARY KEY (`id_multa`);

--
-- Indices de la tabla `personal`
--
ALTER TABLE `personal`
  ADD PRIMARY KEY (`id_socio`),
  ADD KEY `Cargo` (`IDcargo`),
  ADD KEY `IDcargo` (`IDcargo`);

--
-- Indices de la tabla `prestamo`
--
ALTER TABLE `prestamo`
  ADD PRIMARY KEY (`id_prestamo`),
  ADD KEY `fk_prestamo_reunion` (`id_rfecha`),
  ADD KEY `fk_prestamo_socio` (`id_socio`);

--
-- Indices de la tabla `reunion`
--
ALTER TABLE `reunion`
  ADD PRIMARY KEY (`id_rfecha`),
  ADD KEY `fk_reunion_ciclo` (`n_ciclo`);

--
-- Indices de la tabla `rol`
--
ALTER TABLE `rol`
  ADD PRIMARY KEY (`id_rol`);

--
-- Indices de la tabla `socio_ciclo`
--
ALTER TABLE `socio_ciclo`
  ADD KEY `fk_socio_ciclo_socio` (`id_socio`),
  ADD KEY `fk_socio_ciclo_ciclo` (`n_ciclo`),
  ADD KEY `fk_socio_ciclo_rol` (`id_rol`);

--
-- Indices de la tabla `socio_reunion`
--
ALTER TABLE `socio_reunion`
  ADD KEY `fk_socio_reunion_socio` (`id_socio`),
  ADD KEY `fk_socio_reunion_reunion` (`id_rfecha`),
  ADD KEY `fk_socio_reunion_multa` (`id_multa`);

--
-- Indices de la tabla `usuario`
--
ALTER TABLE `usuario`
  ADD KEY `id_socio` (`id_usuario`);

--
-- AUTO_INCREMENT de las tablas volcadas
--

--
-- AUTO_INCREMENT de la tabla `personal`
--
ALTER TABLE `personal`
  MODIFY `id_socio` int(11) NOT NULL AUTO_INCREMENT, AUTO_INCREMENT=28;

--
-- AUTO_INCREMENT de la tabla `prestamo`
--
ALTER TABLE `prestamo`
  MODIFY `id_prestamo` int(11) NOT NULL AUTO_INCREMENT, AUTO_INCREMENT=62;

--
-- Restricciones para tablas volcadas
--

--
-- Filtros para la tabla `abono`
--
ALTER TABLE `abono`
  ADD CONSTRAINT `abono_ibfk_1` FOREIGN KEY (`id_prestamo`) REFERENCES `prestamo` (`id_prestamo`);

--
-- Filtros para la tabla `control_multa`
--
ALTER TABLE `control_multa`
  ADD CONSTRAINT `fk_fecha` FOREIGN KEY (`id_rfecha`) REFERENCES `reunion` (`id_rfecha`),
  ADD CONSTRAINT `fk_multa` FOREIGN KEY (`id_multa`) REFERENCES `multa` (`id_multa`),
  ADD CONSTRAINT `fk_socio` FOREIGN KEY (`id_socio`) REFERENCES `personal` (`id_socio`);

--
-- Filtros para la tabla `cuenta_ahorro`
--
ALTER TABLE `cuenta_ahorro`
  ADD CONSTRAINT `fk_cuenta_ahorro_reunion` FOREIGN KEY (`id_rfecha`) REFERENCES `reunion` (`id_rfecha`),
  ADD CONSTRAINT `fk_cuenta_ahorro_socio` FOREIGN KEY (`id_socio`) REFERENCES `personal` (`id_socio`);

--
-- Filtros para la tabla `personal`
--
ALTER TABLE `personal`
  ADD CONSTRAINT `FK_Personal_Cargos` FOREIGN KEY (`IDcargo`) REFERENCES `cargo` (`ID`);

--
-- Filtros para la tabla `prestamo`
--
ALTER TABLE `prestamo`
  ADD CONSTRAINT `fk_prestamo_reunion` FOREIGN KEY (`id_rfecha`) REFERENCES `reunion` (`id_rfecha`),
  ADD CONSTRAINT `fk_prestamo_socio` FOREIGN KEY (`id_socio`) REFERENCES `personal` (`id_socio`);

--
-- Filtros para la tabla `reunion`
--
ALTER TABLE `reunion`
  ADD CONSTRAINT `fk_reunion_ciclo` FOREIGN KEY (`n_ciclo`) REFERENCES `ciclo` (`n_ciclo`);

--
-- Filtros para la tabla `socio_ciclo`
--
ALTER TABLE `socio_ciclo`
  ADD CONSTRAINT `fk_socio_ciclo_ciclo` FOREIGN KEY (`n_ciclo`) REFERENCES `ciclo` (`n_ciclo`),
  ADD CONSTRAINT `fk_socio_ciclo_rol` FOREIGN KEY (`id_rol`) REFERENCES `rol` (`id_rol`),
  ADD CONSTRAINT `fk_socio_ciclo_socio` FOREIGN KEY (`id_socio`) REFERENCES `personal` (`id_socio`);

--
-- Filtros para la tabla `socio_reunion`
--
ALTER TABLE `socio_reunion`
  ADD CONSTRAINT `fk_socio_reunion_multa` FOREIGN KEY (`id_multa`) REFERENCES `multa` (`id_multa`),
  ADD CONSTRAINT `fk_socio_reunion_reunion` FOREIGN KEY (`id_rfecha`) REFERENCES `reunion` (`id_rfecha`),
  ADD CONSTRAINT `fk_socio_reunion_socio` FOREIGN KEY (`id_socio`) REFERENCES `personal` (`id_socio`);

--
-- Filtros para la tabla `usuario`
--
ALTER TABLE `usuario`
  ADD CONSTRAINT `FK_Usuario` FOREIGN KEY (`id_usuario`) REFERENCES `personal` (`id_socio`) ON DELETE CASCADE;
COMMIT;

/*!40101 SET CHARACTER_SET_CLIENT=@OLD_CHARACTER_SET_CLIENT */;
/*!40101 SET CHARACTER_SET_RESULTS=@OLD_CHARACTER_SET_RESULTS */;
/*!40101 SET COLLATION_CONNECTION=@OLD_COLLATION_CONNECTION */;
